label,message
spam,URGENT! Your mobile number was selected for a free reward. Text WIN to 80086.
spam,"Exclusive offer! Buy 1 get 1 free, limited time only."
ham,Please review the attached document when you can.
ham,Did you get the notes from today's class?
ham,"Sounds good, see you then."
ham,Happy birthday! Hope you have a great day.
spam,"Exclusive offer! Buy 1 get 1 free, limited time only."
spam,Claim your complimentary gift card before it expires!
ham,"Thanks for the update, talk later."
spam,You have 1 unread message from a secret admirer. Call now.
ham,"Thanks for the update, talk later."
spam,"Lowest rate loans approved instantly, apply now!"
ham,"Just landed, will call you once I'm out."
spam,"FREE entry into our weekly competition, text WIN to 80086 now."
spam,Get 50% OFF today only! Reply YES to subscribe.
spam,You've won a brand new smartphone! Click the link to claim.
spam,"FREE entry into our weekly competition, text WIN to 80086 now."
spam,"FREE entry into our weekly competition, text WIN to 80086 now."
spam,Claim your complimentary gift card before it expires!
ham,"Hey, are we still meeting at 1pm tomorrow?"
spam,"Your account has been suspended, verify immediately at the link."
spam,"Exclusive offer! Buy 1 get 1 free, limited time only."
spam,"Your account has been suspended, verify immediately at the link."
spam,"Congratulations, you've been chosen for a free holiday. Claim now!"
spam,Claim your complimentary gift card before it expires!
ham,"Just landed, will call you once I'm out."
ham,"Just landed, will call you once I'm out."
spam,"Congratulations, you've been chosen for a free holiday. Claim now!"
ham,"I'll be home around 7, can you start dinner?"
spam,"FREE entry into our weekly competition, text WIN to 80086 now."
spam,Get 50% OFF today only! Reply YES to subscribe.
spam,Get 50% OFF today only! Reply YES to subscribe.
ham,"Running 10 minutes late, sorry!"
ham,Please review the attached document when you can.
ham,"Thanks for the update, talk later."
ham,"I'll be home around 7, can you start dinner?"
ham,"Thanks for the update, talk later."
ham,"Thanks for the update, talk later."
ham,Please review the attached document when you can.
spam,Get 50% OFF today only! Reply YES to subscribe.
spam,Get 50% OFF today only! Reply YES to subscribe.
ham,"Just landed, will call you once I'm out."
spam,"Your account has been suspended, verify immediately at the link."
spam,You have 1 unread message from a secret admirer. Call now.
spam,You've won a brand new smartphone! Click the link to claim.
spam,You have 1 unread message from a secret admirer. Call now.
ham,"Running 10 minutes late, sorry!"
spam,Claim your complimentary gift card before it expires!
ham,"Sounds good, see you then."
ham,"I'll be home around 7, can you start dinner?"
spam,You have 1 unread message from a secret admirer. Call now.
spam,You have 1 unread message from a secret admirer. Call now.
spam,Get 50% OFF today only! Reply YES to subscribe.
ham,"Thanks for the update, talk later."
spam,"Lowest rate loans approved instantly, apply now!"
spam,You have 1 unread message from a secret admirer. Call now.
spam,URGENT! Your mobile number was selected for a free reward. Text WIN to 80086.
ham,"Just landed, will call you once I'm out."
ham,"Running 10 minutes late, sorry!"
spam,"Exclusive offer! Buy 1 get 1 free, limited time only."
ham,"Hey, are we still meeting at 1pm tomorrow?"
ham,"Hey, are we still meeting at 1pm tomorrow?"
spam,"Your account has been suspended, verify immediately at the link."
ham,"Running 10 minutes late, sorry!"
ham,"Thanks for the update, talk later."
ham,Can you pick up some milk on your way back?
spam,"Your account has been suspended, verify immediately at the link."
ham,"Hey, are we still meeting at 1pm tomorrow?"
spam,Get 50% OFF today only! Reply YES to subscribe.
spam,WINNER! You have won a £1000 cash prize. Call 09061701461 now to claim.
spam,Get 50% OFF today only! Reply YES to subscribe.
spam,"Make money fast, work from home, no experience needed."
ham,"Sounds good, see you then."
spam,Get 50% OFF today only! Reply YES to subscribe.
spam,"FREE entry into our weekly competition, text WIN to 80086 now."
spam,"Congratulations, you've been chosen for a free holiday. Claim now!"
spam,Get 50% OFF today only! Reply YES to subscribe.
ham,"Sounds good, see you then."
spam,"FREE entry into our weekly competition, text WIN to 80086 now."
spam,Get 50% OFF today only! Reply YES to subscribe.
spam,Claim your complimentary gift card before it expires!
spam,"Exclusive offer! Buy 1 get 1 free, limited time only."
spam,WINNER! You have won a £1000 cash prize. Call 09061701461 now to claim.
ham,The meeting has been moved to room 204.
spam,"Lowest rate loans approved instantly, apply now!"
ham,Please review the attached document when you can.
ham,"I'll be home around 7, can you start dinner?"
ham,"Sounds good, see you then."
ham,Happy birthday! Hope you have a great day.
ham,"Sounds good, see you then."
ham,"Hey, are we still meeting at 1pm tomorrow?"
ham,"Just landed, will call you once I'm out."
ham,"Hey, are we still meeting at 1pm tomorrow?"
ham,Let's catch up this weekend.
spam,Get 50% OFF today only! Reply YES to subscribe.
spam,Get 50% OFF today only! Reply YES to subscribe.
ham,Happy birthday! Hope you have a great day.
spam,Claim your complimentary gift card before it expires!
ham,Please review the attached document when you can.
ham,Can you pick up some milk on your way back?
ham,Let's catch up this weekend.
ham,The meeting has been moved to room 204.
ham,Did you get the notes from today's class?
spam,You have 1 unread message from a secret admirer. Call now.
ham,"Just landed, will call you once I'm out."
spam,URGENT! Your mobile number was selected for a free reward. Text WIN to 80086.
spam,"Your account has been suspended, verify immediately at the link."
ham,Happy birthday! Hope you have a great day.
ham,"Just landed, will call you once I'm out."
spam,"Exclusive offer! Buy 1 get 1 free, limited time only."
ham,"Just landed, will call you once I'm out."
ham,Happy birthday! Hope you have a great day.
ham,"I'll be home around 7, can you start dinner?"
ham,"I'll be home around 7, can you start dinner?"
ham,"Thanks for the update, talk later."
ham,Can you pick up some milk on your way back?
spam,"Exclusive offer! Buy 1 get 1 free, limited time only."
ham,Please review the attached document when you can.
ham,Can you pick up some milk on your way back?
ham,"Running 10 minutes late, sorry!"
spam,URGENT! Your mobile number was selected for a free reward. Text WIN to 80086.
ham,Happy birthday! Hope you have a great day.
ham,Let's catch up this weekend.
spam,"Make money fast, work from home, no experience needed."
ham,Please review the attached document when you can.
spam,URGENT! Your mobile number was selected for a free reward. Text WIN to 80086.
ham,Let's catch up this weekend.
ham,The meeting has been moved to room 204.
ham,"Sounds good, see you then."
ham,"Hey, are we still meeting at 1pm tomorrow?"
ham,"Just landed, will call you once I'm out."
ham,Did you get the notes from today's class?
spam,"FREE entry into our weekly competition, text WIN to 80086 now."
spam,URGENT! Your mobile number was selected for a free reward. Text WIN to 80086.
ham,Please review the attached document when you can.
ham,"Running 10 minutes late, sorry!"
spam,"FREE entry into our weekly competition, text WIN to 80086 now."
ham,Please review the attached document when you can.
ham,"Sounds good, see you then."
spam,"FREE entry into our weekly competition, text WIN to 80086 now."
ham,"I'll be home around 7, can you start dinner?"
spam,Get 50% OFF today only! Reply YES to subscribe.
spam,"Make money fast, work from home, no experience needed."
spam,"Lowest rate loans approved instantly, apply now!"
spam,"Exclusive offer! Buy 1 get 1 free, limited time only."
ham,Please review the attached document when you can.
spam,"Make money fast, work from home, no experience needed."
ham,The meeting has been moved to room 204.
ham,Can you pick up some milk on your way back?
spam,"Your account has been suspended, verify immediately at the link."
spam,URGENT! Your mobile number was selected for a free reward. Text WIN to 80086.
ham,"Sounds good, see you then."
spam,Get 50% OFF today only! Reply YES to subscribe.
spam,URGENT! Your mobile number was selected for a free reward. Text WIN to 80086.
ham,"I'll be home around 7, can you start dinner?"
spam,Get 50% OFF today only! Reply YES to subscribe.
spam,Get 50% OFF today only! Reply YES to subscribe.
ham,Let's catch up this weekend.
ham,"Running 10 minutes late, sorry!"
spam,URGENT! Your mobile number was selected for a free reward. Text WIN to 80086.
ham,Let's catch up this weekend.
ham,"Thanks for the update, talk later."
spam,Get 50% OFF today only! Reply YES to subscribe.
spam,"Congratulations, you've been chosen for a free holiday. Claim now!"
ham,"Just landed, will call you once I'm out."
spam,"Exclusive offer! Buy 1 get 1 free, limited time only."
ham,The meeting has been moved to room 204.
ham,Did you get the notes from today's class?
ham,Please review the attached document when you can.
spam,"Your account has been suspended, verify immediately at the link."
ham,Did you get the notes from today's class?
ham,"Hey, are we still meeting at 1pm tomorrow?"
spam,URGENT! Your mobile number was selected for a free reward. Text WIN to 80086.
spam,WINNER! You have won a £1000 cash prize. Call 09061701461 now to claim.
spam,URGENT! Your mobile number was selected for a free reward. Text WIN to 80086.
ham,"Sounds good, see you then."
spam,"Congratulations, you've been chosen for a free holiday. Claim now!"
ham,"Thanks for the update, talk later."
spam,WINNER! You have won a £1000 cash prize. Call 09061701461 now to claim.
ham,Please review the attached document when you can.
spam,You have 1 unread message from a secret admirer. Call now.
spam,"FREE entry into our weekly competition, text WIN to 80086 now."
spam,"Make money fast, work from home, no experience needed."
spam,"Your account has been suspended, verify immediately at the link."
ham,The meeting has been moved to room 204.
spam,URGENT! Your mobile number was selected for a free reward. Text WIN to 80086.
spam,"Make money fast, work from home, no experience needed."
spam,"FREE entry into our weekly competition, text WIN to 80086 now."
ham,"I'll be home around 7, can you start dinner?"
spam,"Make money fast, work from home, no experience needed."
ham,Let's catch up this weekend.
spam,"Exclusive offer! Buy 1 get 1 free, limited time only."
ham,"Sounds good, see you then."
ham,Let's catch up this weekend.
spam,Claim your complimentary gift card before it expires!
ham,Happy birthday! Hope you have a great day.
spam,URGENT! Your mobile number was selected for a free reward. Text WIN to 80086.
ham,"Thanks for the update, talk later."
ham,Let's catch up this weekend.
spam,WINNER! You have won a £1000 cash prize. Call 09061701461 now to claim.
spam,URGENT! Your mobile number was selected for a free reward. Text WIN to 80086.
ham,"Running 10 minutes late, sorry!"
spam,"Lowest rate loans approved instantly, apply now!"
ham,Please review the attached document when you can.
spam,"Exclusive offer! Buy 1 get 1 free, limited time only."
ham,"I'll be home around 7, can you start dinner?"
ham,"Running 10 minutes late, sorry!"
ham,"I'll be home around 7, can you start dinner?"
ham,Let's catch up this weekend.
ham,"Sounds good, see you then."
spam,WINNER! You have won a £1000 cash prize. Call 09061701461 now to claim.
spam,URGENT! Your mobile number was selected for a free reward. Text WIN to 80086.
ham,The meeting has been moved to room 204.
ham,Let's catch up this weekend.
spam,"Exclusive offer! Buy 1 get 1 free, limited time only."
ham,The meeting has been moved to room 204.
spam,Get 50% OFF today only! Reply YES to subscribe.
spam,Get 50% OFF today only! Reply YES to subscribe.
ham,Did you get the notes from today's class?
spam,URGENT! Your mobile number was selected for a free reward. Text WIN to 80086.
spam,"Make money fast, work from home, no experience needed."
ham,The meeting has been moved to room 204.
ham,"Hey, are we still meeting at 1pm tomorrow?"
ham,"I'll be home around 7, can you start dinner?"
ham,"Sounds good, see you then."
ham,Did you get the notes from today's class?
spam,Get 50% OFF today only! Reply YES to subscribe.
ham,"Running 10 minutes late, sorry!"
spam,"Make money fast, work from home, no experience needed."
ham,"I'll be home around 7, can you start dinner?"
spam,You've won a brand new smartphone! Click the link to claim.
spam,"Your account has been suspended, verify immediately at the link."
spam,URGENT! Your mobile number was selected for a free reward. Text WIN to 80086.
spam,"Make money fast, work from home, no experience needed."
spam,You've won a brand new smartphone! Click the link to claim.
spam,"Exclusive offer! Buy 1 get 1 free, limited time only."
spam,"Lowest rate loans approved instantly, apply now!"
ham,"Hey, are we still meeting at 1pm tomorrow?"
ham,Let's catch up this weekend.
spam,You've won a brand new smartphone! Click the link to claim.
spam,Claim your complimentary gift card before it expires!
ham,"Thanks for the update, talk later."
spam,You've won a brand new smartphone! Click the link to claim.
ham,"Running 10 minutes late, sorry!"
spam,Get 50% OFF today only! Reply YES to subscribe.
ham,Did you get the notes from today's class?
ham,"Hey, are we still meeting at 1pm tomorrow?"
ham,Please review the attached document when you can.
ham,Can you pick up some milk on your way back?
ham,Can you pick up some milk on your way back?
spam,"FREE entry into our weekly competition, text WIN to 80086 now."
spam,"Make money fast, work from home, no experience needed."
spam,"Make money fast, work from home, no experience needed."
spam,Get 50% OFF today only! Reply YES to subscribe.
ham,"Hey, are we still meeting at 1pm tomorrow?"
ham,The meeting has been moved to room 204.
ham,Can you pick up some milk on your way back?
ham,"Running 10 minutes late, sorry!"
spam,WINNER! You have won a £1000 cash prize. Call 09061701461 now to claim.
spam,Get 50% OFF today only! Reply YES to subscribe.
spam,"Congratulations, you've been chosen for a free holiday. Claim now!"
ham,"Just landed, will call you once I'm out."
spam,"Lowest rate loans approved instantly, apply now!"
ham,"Thanks for the update, talk later."
spam,"Make money fast, work from home, no experience needed."
ham,"Hey, are we still meeting at 1pm tomorrow?"
spam,Claim your complimentary gift card before it expires!
ham,"I'll be home around 7, can you start dinner?"
ham,Let's catch up this weekend.
spam,Get 50% OFF today only! Reply YES to subscribe.
spam,"Exclusive offer! Buy 1 get 1 free, limited time only."
spam,You have 1 unread message from a secret admirer. Call now.
spam,Claim your complimentary gift card before it expires!
spam,"Lowest rate loans approved instantly, apply now!"
spam,"FREE entry into our weekly competition, text WIN to 80086 now."
spam,Get 50% OFF today only! Reply YES to subscribe.
ham,"Just landed, will call you once I'm out."
ham,"Thanks for the update, talk later."
ham,The meeting has been moved to room 204.
spam,Claim your complimentary gift card before it expires!
spam,Get 50% OFF today only! Reply YES to subscribe.
spam,URGENT! Your mobile number was selected for a free reward. Text WIN to 80086.
ham,The meeting has been moved to room 204.
ham,Please review the attached document when you can.
ham,Can you pick up some milk on your way back?
spam,"Your account has been suspended, verify immediately at the link."
spam,"FREE entry into our weekly competition, text WIN to 80086 now."
ham,Let's catch up this weekend.
ham,"Hey, are we still meeting at 1pm tomorrow?"
ham,"Just landed, will call you once I'm out."
spam,You have 1 unread message from a secret admirer. Call now.
spam,"Make money fast, work from home, no experience needed."
spam,URGENT! Your mobile number was selected for a free reward. Text WIN to 80086.
spam,"Congratulations, you've been chosen for a free holiday. Claim now!"
ham,Can you pick up some milk on your way back?
spam,Get 50% OFF today only! Reply YES to subscribe.
ham,"Sounds good, see you then."
spam,"Make money fast, work from home, no experience needed."
ham,Can you pick up some milk on your way back?
ham,Can you pick up some milk on your way back?
